score,domain,sequence
17.300000000000008,PBD_CHR_LPB_loop2,EMTWEEWEKKVEELEKKIEELLK
66.20000000000005,PBD_CHR_LPB_loop2,YTSLIHSLIEEKQNQQEKNEQELLELDKWASLWNWF
69.2000000000001,PBD_CHR_LPB_loop2,DREINNYTSLIHSLIEESQNQQEKNEQELLELDKWA
47.8,nhr_domain,IKKEIEAIKKEQEAIKKKIEAIEKEIEAQQHLLQLTVWGIKQLQARIL
66.20000000000005,PBD_CHR_LPB_loop2,YTSLIHSLIEESQNQQEKNEQELLELDKPASLWNWF
63.60000000000008,PBD_CHR_LPB_loop2,WMEWDREINNYTSLIHSLIEELQNIQEKNEQELLEL
8.100000000000009,tm_domain,LEAIPMSIPPEVFFNKPFVF
66.20000000000005,PBD_CHR_LPB_loop2,YTSLIHSLIEEEQNQQEKNEQELLELDKWASLWNWF
66.20000000000005,PBD_CHR_LPB_loop2,YTSLIHSLIEEFQNQQEKNEQELLELDKWASLWNWF
63.19999999999998,PBD_CHR_LPB_loop2,YTSLIHSLIEESQNQQEKNQQELLQLDKWASLWNWF
29.39999999999999,loop1_PBD_CHR_LPB,TTWEAWDRAIAEYAARIEALIRAAQEQQEKNEAILREL
66.20000000000005,PBD_CHR_LPB_loop2,YTSLIHSLIEESQNQQEKNEQELLQLDKWASLWNWF
66.20000000000005,PBD_CHR_LPB_loop2,YTSLIHSLIEESQNLQEKNEQELLELDKWASLWNWF
112.0,PBD_CHR_LPB_loop2,WMEWDREINNYTSLIHSLIEESQNQQEKNEQELLELDKWASLWNWFNITNWLWYIK
34.59999999999999,loop1_PBD_CHR_LPB,WQTWERQVDNITQTISKALEEAQIQNEKNMYELQKLNQWDIFSNWF
18.500000000000004,loop1_PBD_CHR_LPB,YGGIKKEIEAIKKEQEAIKKKIEAIEKEIEA
69.20000000000003,PBD_CHR_LPB_loop2,IHSLIEESQNQQEKNEQELLELDKWASLWNWFNITN
62.600000000000016,PBD_CHR_LPB_loop2,NMTWMEWDREINNYTSLIHSLIEESQNQQEKNEQEL
69.20000000000006,PBD_CHR_LPB_loop2,EINNYTSLIHSLIEESQNQQEKNEQELLELDKWASL
27.799999999999965,PBD_CHR_LPB_loop2,MTWCDWRDEIERYTKKIEELIRAAQEWQEKNEAALKEL
25.29999999999999,loop1_PBD_CHR_LPB,KKISEEQKKIQEEIKKILEESKKILEEIERDWEMW
38.5,nhr_domain,RMKQIEDKIEEIESKIKKIENEIARIKKLLQLTVWGIKQLQARIL
52.6,nhr_domain,VQQQNNLLRAIEAQQHLLQLTVWGIKQL
52.399999999999984,PBD_CHR_LPB_loop2,YTSLIHSLIQQSQNQQQKNQQQLLQLDKWASLWNWF
66.6,PBD_CHR_LPB_loop2,ESQNQQEKNEQELLELDKWASLWNWFNITNWLWLIK
17.200000000000017,PBD_CHR_LPB_loop2,MTWEEWDKKIEEYTKKIEELIK
36.0,nhr_domain,KIEEIESKIKKIENEIARIKKLLQLTVWGIKQLQARIL
26.79999999999999,loop1_PBD_CHR_LPB,TTWEAWDRAIAEYAARIEALIRAAQELQEKNEAALREL
66.20000000000005,PBD_CHR_LPB_loop2,YTSLIHSLIQESQNQQEKNEQELLELDKWASLWNWF
24.299999999999986,loop1_PBD_CHR_LPB,KKISEEQKKIQEEIKKILEESKKILEEIKKDWEEW
66.20000000000005,PBD_CHR_LPB_loop2,YTSLIHSLIEEGQNQQEKNEQELLELDKWASLWNWF
66.20000000000005,PBD_CHR_LPB_loop2,YTSLIHSLIEENQNQQEKNEQELLELDKWASLWNWF
54.199999999999974,PBD_CHR_LPB_loop2,WEEMDREINNYTKLIHELIEESQNQQEKNEQELL
32.79999999999999,nhr_domain,QHLLQLTVWGIKQLQARILAVERYLKDQ
62.40000000000001,PBD_CHR_LPB_loop2,WMEWDREINNYTSLIHSLIEETQNQQEKNEQELL
57.59999999999997,PBD_CHR_LPB_loop2,WTEWDREINNYTSQIHSLIEESQNQQEKLEQELNEL
59.6,PBD_CHR_LPB_loop2,NQQEKNEQELLELDKWASLWNWFNITNWLWLIKIFI
69.20000000000005,PBD_CHR_LPB_loop2,SLIHSLIEESQNQQEKNEQELLELDKWASLWNWFNI
66.20000000000005,PBD_CHR_LPB_loop2,YTSLIHSLIEERQNQQEKNEQELLELDKWASLWNWF
12.700000000000033,cp_domain,TRQARRNRRRWRERQRAAAAC
66.2,PBD_CHR_LPB_loop2,EESQNQQEKNEQELLELDKWASLWNWFNITNWLWLI
79.70000000000006,PBD_CHR_LPB_loop2,EWDREINNYTSLIHSLIEESQNQQEKNEQELLELDKWASLW
66.20000000000005,PBD_CHR_LPB_loop2,YTSLIHSLIEELQNQQEKNEQELLELDKWASLWNWF
66.20000000000005,PBD_CHR_LPB_loop2,YTSLIHSLIEESQNQQEKNEQQLLELDKWASLWNWF
43.5,nhr_domain,SGIDQEQNNLTRLIEAQIHELQLTQWKIKQLLARILK
66.20000000000005,PBD_CHR_LPB_loop2,YTSLIHSLIEEVQNQQEKNEQELLELDKWASLWNWF
66.20000000000005,PBD_CHR_LPB_loop2,YTSLIHSLIEESQNQQEKLEQELLELDKWASLWNWF
62.40000000000001,PBD_CHR_LPB_loop2,WMEWDREINNYTSLIHSLIEELQNQQEKNEQELL
50.09999999999999,nhr_domain,RQLLSGIVQQQNNLLRAIEAQQHLLQK
17.299999999999994,loop1_PBD_CHR_LPB,ELTWEEWEKKIEEYTKKIEEILK
22.399999999999885,loop1_PBD_CHR_LPB,VWGIKQLQARILAVERYLKDQQLLGIWG
25.799999999999965,loop1_PBD_CHR_LPB,WQEWEKQVRYLEANISKSLEQAQIQQEKNMYELQ
23.399999999999967,PBD_CHR_LPB_loop2,MTWEEWDKKIEEYTKKIEELIKKSQNQQIDL 
25.799999999999965,cp_domain,TTWEAWDRAIAEYAARIEALIRAAQELQEKLEAALREL
66.20000000000005,PBD_CHR_LPB_loop2,YTSLIHSLIEEYQNQQEKNEQELLELDKWASLWNWF
69.2000000000001,PBD_CHR_LPB_loop2,WDREINNYTSLIHSLIEESQNQQEKNEQELLELDKW
8.200000000000024,loop1_PBD_CHR_LPB,LEAIPCSIPPCVAFNKPFVF
69.20000000000006,PBD_CHR_LPB_loop2,NNYTSLIHSLIEESQNQQEKNEQELLELDKWASLWN
14.300000000000011,PBD_CHR_LPB_loop2,MTWQEWEQQVRYLEANISQRL
66.20000000000005,PBD_CHR_LPB_loop2,YTSLIHSLIEESQNQQEKNEQELLEFDKWASLWNWF
22.699999999999967,PBD_CHR_LPB_loop2,MTWEEWDKKIEEYTKKIEELIKKSEEQQKKN
66.20000000000005,PBD_CHR_LPB_loop2,YTSLIHSLIEESQQQQEKNEQELLELDKWASLWNWF
66.20000000000005,PBD_CHR_LPB_loop2,YTSLIHSLIEEHQNQQEKNEQELLELDKWASLWNWF
69.20000000000002,PBD_CHR_LPB_loop2,LIEESQNQQEKNEQELLELDKWASLWNWFNITNWLW
64.80000000000014,PBD_CHR_LPB_loop2,TMWMEWDREINNYTSLIHSLIEESQNQQEKNEQELL
67.5000000000001,PBD_CHR_LPB_loop2,WMEWDREINNYTSLIHSLIEESQNQQEKNEQELLE
6.400000000000025,loop1_PBD_CHR_LPB,LEAIPCSIPPCVFFNKPFVF
34.099999999999966,PBD_CHR_LPB_loop2,WLEWDRKIEEYTKKIEELIKKSQEQQEKNEKELK 
64.00000000000007,PBD_CHR_LPB_loop2,YTSLIHSLIEESQNQQEKNEQELLELDKWASLFNFF
67.10000000000008,PBD_CHR_LPB_loop2,INNYTSLIHSLIEESQNQQEKNEQELLELDKWASL
6.900000000000001,tm_domain,LEAIPCSIPPCFLFGKPFVF
49.59999999999999,nhr_domain,RQLLSQIVQQQNNLLRAIEAQQHLLQLT
23.69999999999998,loop1_PBD_CHR_LPB,KKISEEQKKIQEEIKKILEESKKILEEIKKDWEEWTM
29.39999999999999,loop1_PBD_CHR_LPB,TTWEAWDRAIAEYAARIEALIRALQEQQEKNEAALREL
19.499999999999996,loop1_PBD_CHR_LPB,ELTWEEWEKKVEELEKKIEELLK
23.999999999999968,PBD_CHR_LPB_loop2,MTWQEWEQQVRYLEANISQRLEQAQIQQEKNMYELQ
64.80000000000014,PBD_CHR_LPB_loop2,MTWMEWDREINNYTSLIHSLIEESQNQQEKNEQELL
49.59999999999997,nhr_domain,MTLTVQARQLLSQIVQQQNNLLRAIEAQ
57.99999999999997,PBD_CHR_LPB_loop2,WTEWDREINNYTSQIHSLIEESQNQQEKNEQILNEL
16.800000000000008,PBD_CHR_LPB_loop2,WEEWDKKIEEYTKKIEELIKKS
66.20000000000005,PBD_CHR_LPB_loop2,YTSLIHSLIEEMQNQQEKNEQELLELDKWASLWNWF
7.700000000000005,tm_domain,LEAIPCSIPPCVFFGKPFVF
66.20000000000005,PBD_CHR_LPB_loop2,YTSLIHSLIEESQNQQEKNEQELLELDKWASPWNWF
39.3,nhr_domain,IKKEIEAIKKEQEAIKKKIEAIEKLLQLTVWGIKQLQARIL
66.20000000000005,PBD_CHR_LPB_loop2,YTSLIHSLIEEQQNQQEKNEQELLELDKWASLWNWF
66.20000000000005,PBD_CHR_LPB_loop2,YTSLIHSLIEESQNQQEKNEQELLELNKWASLWNWF
69.20000000000006,PBD_CHR_LPB_loop2,NYTSLIHSLIEESQNQQEKNEQELLELDKWASLWNW
16.70000000000001,PBD_CHR_LPB_loop2,WEEWDKKIEEYTKKIEELIKKS 
41.39999999999997,PBD_CHR_LPB_loop2,MTWMAWDRAIANYAALIHALIEAAQNQQEKNEAALLEL
31.399999999999977,PBD_CHR_LPB_loop2,EELAKKAEELAKKAEELAKKAEELAKKAWASLWNWFLEAIPMSIPPEVKFNKPFVF
61.79999999999998,loop1_PBD_CHR_LPB,IWNNMTWMEWDREINNYTSLIHSLIEESQNQQEKNE
62.199999999999974,loop1_PBD_CHR_LPB,WNNMTWMEWDREINNYTSLIHSLIEESQNQQEKNEQ
16.699999999999996,loop1_PBD_CHR_LPB,FWNWLSAWIKKTYEEIKKTYEEIKKTYEEIERDWEMV
66.60000000000011,PBD_CHR_LPB_loop2,WMEWDREINNYTSLIHSLIEESQNQQEKIEQELLEL
60.399999999999984,loop1_PBD_CHR_LPB,LEQIWNNMTWMEWDREINNYTSLIHSLIEESQNQQE
38.89999999999996,nhr_domain,IEAQQHLLQLTVWGIKQLQARILAVERYGYIPEAPRDGQAYVRKDGEWVLLSTFL
32.59999999999999,loop1_PBD_CHR_LPB,TTWEAWDRAIAEYAARIEALIRASQEQQEKNEAELREL
61.399999999999984,loop1_PBD_CHR_LPB,QIWNNMTWMEWDREINNYTSLIHSLIEESQNQQEKN
60.39999999999997,loop1_PBD_CHR_LPB,SLEQIWNNMTWMEWDREINNYTSLIHSLIEESQNQQ
28.599999999999966,PBD_CHR_LPB_loop2,MTWEAWDRAIAEYAARIEALIRAAQEQQEKNEAALREL
24.799999999999986,loop1_PBD_CHR_LPB,EMTWEEWEKKIEEYTKKIEEILKKSQNQQIDL
27.199999999999967,nhr_domain,LLQLTVWGIKQLQARILAIKKEIEAIKKEQEAIKKKIEAI
66.20000000000005,PBD_CHR_LPB_loop2,YTSLIHSLIEEDQNQQEKNEQELLELDKWASLWNWF
27.399999999999977,PBD_CHR_LPB_loop2,TTWEAWDRAIAEYAARIEALIRAAQEQQEKLEAVLREL
5.700000000000005,loop1_PBD_CHR_LPB,IRKAHCNISRAKWND
64.0,PBD_CHR_LPB_loop2,SQNQQEKNEQELLELDKWASLWNWFNITNWLWLIKI
60.39999999999997,loop1_PBD_CHR_LPB,NKSLEQIWNNMTWMEWDREINNYTSLIHSLIEESQN
66.60000000000011,PBD_CHR_LPB_loop2,WMEWDREINNYTSLIHSLIEESQNIQEKNEQELLEL
23.39999999999999,loop1_PBD_CHR_LPB,WQQWERQVRFLDANITKLLEEAQIQQEKNMYELQ
16.600000000000012,PBD_CHR_LPB_loop2,MTWEEWDKKIEEYTKKIEELIKKS
23.199999999999985,loop1_PBD_CHR_LPB,MTWQQWERQVRFLDANITKLLEEAQIQQEKNMYELQ
28.79999999999996,cp_domain,TTWEAWDRAIAEYAARIEALIRALQELQEKNEAALREL
14.700000000000017,PBD_CHR_LPB_loop2,MTWEEWDKKIEEYTKKIEELI
60.99999999999999,loop1_PBD_CHR_LPB,EQIWNNMTWMEWDREINNYTSLIHSLIEESQNQQEK
69.2000000000001,PBD_CHR_LPB_loop2,EWDREINNYTSLIHSLIEESQNQQEKNEQELLELDK
66.20000000000005,PBD_CHR_LPB_loop2,YTSLIHSLIEQSQNQQEKNEQELLELDKWASLWNWF
66.20000000000005,PBD_CHR_LPB_loop2,YTSLIHSLIEETQNQQEKNEQELLELDKWASLWNWF
66.20000000000005,PBD_CHR_LPB_loop2,YTSLIHSLIEESQNQQEKNEQELLELDKWASLANWF
48.60000000000001,loop1_PBD_CHR_LPB,WQQWERQVRFLDANITKLLEEAQIQQEKNMYELQELDKWASLWNWF
15.90000000000001,nhr_domain,MTWQQWERQVRFLDANITKLL
66.20000000000005,PBD_CHR_LPB_loop2,YTSLIHSLIEEWQNQQEKNEQELLELDKWASLWNWF
29.39999999999999,loop1_PBD_CHR_LPB,TTWEAWDRAIAEYAARIEALIRALQEQQEKNEAILREL
9.900000000000004,tm_domain,LEAIPCSIPPCVGFGKPFVF
26.699999999999967,PBD_CHR_LPB_loop2,WEEWDKKIEEYTKKIEELIKKSQNQQLDL
50.59999999999999,loop1_PBD_CHR_LPB,TTWEEWDREINEYTSRIESLIRESQEQQEKNEQELREL
31.999999999999982,PBD_CHR_LPB_loop2,WEEWDKKIEEYTKKIEELIKKSEEQQKKNEEELKK 
42.3,nhr_domain,SGIVQQLNNQLRAEEANQHLEQLSVWGSKQNQARRLK
45.60000000000001,loop1_PBD_CHR_LPB,WQQWERQVRFLDANITKLLEEAQIQQEKNMYELQELDKNASLWNWF
65.20000000000006,loop1_PBD_CHR_LPB,AAWMEWDREINNYTSLIHSLIEESQNQQEKNEQELL
69.20000000000003,PBD_CHR_LPB_loop2,LIHSLIEESQNQQEKNEQELLELDKWASLWNWFNIT
16.700000000000017,PBD_CHR_LPB_loop2,MTWEEWDKKIEEYTKKIEELIKK
22.899999999999967,PBD_CHR_LPB_loop2,WEEWDKKIEEYTKKIEELIKKSEEQQKKN
5.6999999999999975,loop1_PBD_CHR_LPB,IRKAHCNISRADWND
62.40000000000001,PBD_CHR_LPB_loop2,WMEWDREINNYTSLIHSLIEEAQNQQEKNEQELL
6.000000000000025,loop1_PBD_CHR_LPB,LEAIPCSIPPCFAFNKPFVF
60.59999999999997,PBD_CHR_LPB_loop2,WTEWDREINNYTSQIHSLIEESQNQQEKNEQELNEL
66.20000000000005,PBD_CHR_LPB_loop2,YTSLIHSLIEESQNQQEKNEQELLELDKWASLWNSF
69.20000000000002,PBD_CHR_LPB_loop2,SLIEESQNQQEKNEQELLELDKWASLWNWFNITNWL
17.299999999999994,loop1_PBD_CHR_LPB,EMTWQEWEQKVEELEKKIEELLK
24.399999999999984,loop1_PBD_CHR_LPB,EMTWEEWEKKIEEYIKKIEEILKKSQNQQIDL
29.19999999999996,cp_domain,TTWEAWDRAIAEYAARIEALIRALQELQEKNEAILREL
69.20000000000005,PBD_CHR_LPB_loop2,YTSLIHSLIEESQNQQEKNEQELLELDKWASLWNWF
15.900000000000013,PBD_CHR_LPB_loop2,EMTWEEWEKKIEEYTKKIEEILK
63.19999999999998,PBD_CHR_LPB_loop2,YTSLIQSLIEESQNQQEKNEQQLLELDKWASLWNWF
24.099999999999966,PBD_CHR_LPB_loop2,WEEWDKKIEEYTKKIEELIKKSQNQQIDI
20.999999999999964,PBD_CHR_LPB_loop2,MTWEEWDKKIEEYTKKIEELIKKSQNQQ
69.0000000000001,PBD_CHR_LPB_loop2,MTWMEWDREINNYTSLIHSLIEESQNQQEKNEQELLEL
21.199999999999964,PBD_CHR_LPB_loop2,WEEWDKKIEEYTKKIEELIKKSQNQQ
66.20000000000005,PBD_CHR_LPB_loop2,YTSLIHSLIEEAQNQQEKNEQELLELDKWASLWNWF
62.19999999999998,loop1_PBD_CHR_LPB,NNMTWMEWDREINNYTSLIHSLIEESQNQQEKNEQE
14.300000000000004,PBD_CHR_LPB_loop2,MTWQEWEKQVRYLEANISKSL
69.20000000000006,PBD_CHR_LPB_loop2,INNYTSLIHSLIEESQNQQEKNEQELLELDKWASLW
26.699999999999967,PBD_CHR_LPB_loop2,WEEWDKKIEEYTKKIEELIKKSQNQQLDI
65.40000000000012,PBD_CHR_LPB_loop2,WMEWDREINNYTSLIHSLIEESQNQQEKNEQELL
33.59999999999998,loop1_PBD_CHR_LPB,MTWETWEREIENYTRQIYRILEESQEQQDRNERDLLE 
27.89999999999999,fp_domain,AVGIGAMFLGFLGAAGSTMGAAS
62.40000000000001,PBD_CHR_LPB_loop2,WMEWDREINNYTSLIHSLIEEPQNQQEKNEQELL
38.599999999999966,PBD_CHR_LPB_loop2,WEEWDRKIEEYTKKIKKLIEESQEQQEKNEKELK
21.59999999999991,cp_domain,LVQPRGPRSGPGPWQGGRRKFRRQRPRLSHKGPMPF
66.20000000000005,PBD_CHR_LPB_loop2,YTSLIHSLIEESQNQQEKNEQELLELDKWASLWNAF
66.20000000000005,PBD_CHR_LPB_loop2,YTSLIHSLIEEIQNQQEKNEQELLELDKWASLWNWF
61.8,PBD_CHR_LPB_loop2,QNQQEKNEQELLELDKWASLWNWFNITNWLWLIKIF
69.20000000000005,PBD_CHR_LPB_loop2,TSLIHSLIEESQNQQEKNEQELLELDKWASLWNWFN
49.59999999999998,nhr_domain,QARQLLSQIVQQQNNLLRAIEAQQHLLQ
25.599999999999966,loop1_PBD_CHR_LPB,MTWQEWEKQVRYLEANISKSLEQAQIQQEKNMYELQ
41.599999999999966,PBD_CHR_LPB_loop2,WMEWDRKIEEYTKKIKKLIEESQEQQEKNEKELK
57.59999999999997,PBD_CHR_LPB_loop2,WTEWDREINNYTSQIHSLIEELQNQQEKNEQELNEL
64.5000000000001,PBD_CHR_LPB_loop2,WMEWDREINNYTSLIGSLIEESQNQQEKNEQELLE
57.59999999999997,PBD_CHR_LPB_loop2,WTEWDREINNYTSQIHSLIEESQNIQEKNEQELNEL
66.20000000000005,PBD_CHR_LPB_loop2,YTSLIHSLIEEPQNQQEKNEQELLELDKWASLWNWF
34.99999999999998,loop1_PBD_CHR_LPB,SWETWEREIENYTRQIYRILEESQEQQDRNERDLLE
60.39999999999997,loop1_PBD_CHR_LPB,KSLEQIWNNMTWMEWDREINNYTSLIHSLIEESQNQ
67.0000000000001,PBD_CHR_LPB_loop2,TWMEWDREINNYTSLIHSLIEESQNQQEKNEQELLE
66.60000000000011,PBD_CHR_LPB_loop2,WMEWDREINNYTSLIHSLIEESQNQQEKNEQILLEL
24.199999999999967,PBD_CHR_LPB_loop2,WQEWEQQVRYLEANISQRLEQAQIQQEKNMYELQ
69.2000000000001,PBD_CHR_LPB_loop2,MEWDREINNYTSLIHSLIEESQNQQEKNEQELLELD
24.099999999999966,PBD_CHR_LPB_loop2,WEEWDKKIEEYTKKIEELIKKSQNQQIDL
36.19999999999997,loop1_PBD_CHR_LPB,VEWNEMTWMEWEREIENYTKLIYKILEESQEQ
7.800000000000024,loop1_PBD_CHR_LPB,LEAIPCSIPPCVLFNKPFVF
